<metadata xml:lang="en"><Esri><CreaDate>20170605</CreaDate><CreaTime>08215700</CreaTime><ArcGISFormat>1.0</ArcGISFormat><SyncOnce>FALSE</SyncOnce><DataProperties><lineage><Process ToolSource="c:\program files (x86)\arcgis\desktop10.2\ArcToolbox\Toolboxes\Data Management Tools.tbx\CalculateField" Date="20150226" Time="135359">CalculateField NHDFlowline_Network FTYPE "CanalDitch" VB #</Process><Process ToolSource="c:\program files (x86)\arcgis\desktop10.2\ArcToolbox\Toolboxes\Data Management Tools.tbx\CalculateField" Date="20150226" Time="135936">CalculateField NHDFlowline_Network FTYPE "ArtificialPath" VB #</Process><Process ToolSource="c:\program files (x86)\arcgis\desktop10.2\ArcToolbox\Toolboxes\Data Management Tools.tbx\CalculateField" Date="20150226" Time="140945">CalculateField NHDFlowline_Network FTYPE "StreamRiver" VB #</Process><Process ToolSource="c:\program files (x86)\arcgis\desktop10.2\ArcToolbox\Toolboxes\Data Management Tools.tbx\DeleteField" Date="20150226" Time="172510">DeleteField NHDFlowline_Network ENABLED;GNIS_NBR;Fdate_1;ReachCode_1;LengthKM_1;Fcode_1;OutDiv;DivEffect;TravTime;PathTime;Fdate_12;FDATE_12_13;STATUSFLAG;DivDASqKM_1;AreaSqKm_1</Process><Process ToolSource="c:\program files (x86)\arcgis\desktop10.2\ArcToolbox\Toolboxes\Data Management Tools.tbx\DeleteField" Date="20150312" Time="182541">DeleteField C:\NHDPlusV21\Flat\NHDPlusV21_National_Flattened.gdb\NHDSnapshot\NHDFlowline_Network SHAPE_LENG;ThinnerCod</Process><Process ToolSource="c:\program files\arcgis\pro\Resources\ArcToolbox\toolboxes\Data Management Tools.tbx\CopyFeatures" Date="20190111" Time="142751">CopyFeatures Hydrology\Nhd_Flowline_nfiegeotx C:\Users\arcturdk\Documents\ArcGIS\TWM\TWM_Data\Pin2Flood-ColoradoRiver2018\AFD2019\Hydrology\NHD_MR_Flowlines_AFD.shp # # # #</Process><Process ToolSource="c:\program files\arcgis\pro\Resources\ArcToolbox\toolboxes\Data Management Tools.tbx\CopyFeatures" Date="20190218" Time="194250">CopyFeatures H:\ArcGIS\TWM\TWM_Data\Pin2Flood-ColoradoRiver2018\AFD2019\Hydrology\NHD_MR_Flowlines_AFD.shp H:\ArcGIS\TWM\TWM_Data\TravisCountyFloodMaps\TravisCo_Hydrology.gdb\Geographic_NAD83\NHD_MR_Flowlines_AFD # # # #</Process><Process ToolSource="c:\program files\arcgis\pro\Resources\ArcToolbox\toolboxes\Conversion Tools.tbx\FeatureClassToFeatureClass" Date="20191003" Time="122637">FeatureClassToFeatureClass "Hydrology Travis Co\NHD_MR_Flowlines_AFD" C:\Users\arcturdk\Documents\ArcGIS\TWM\Pin2Flood\TravisCo_10m NHD_MR_Flowlines.shp # "COMID "COMID" true true false 4 Long 0 0,First,#,Hydrology Travis Co\NHD_MR_Flowlines_AFD,COMID,-1,-1;FDATE "FDATE" true true false 8 Date 0 0,First,#,Hydrology Travis Co\NHD_MR_Flowlines_AFD,FDATE,-1,-1;RESOLUTION "RESOLUTION" true true false 7 Text 0 0,First,#,Hydrology Travis Co\NHD_MR_Flowlines_AFD,RESOLUTION,0,7;GNIS_ID "GNIS_ID" true true false 10 Text 0 0,First,#,Hydrology Travis Co\NHD_MR_Flowlines_AFD,GNIS_ID,0,10;GNIS_NAME "GNIS_NAME" true true false 65 Text 0 0,First,#,Hydrology Travis Co\NHD_MR_Flowlines_AFD,GNIS_NAME,0,65;LENGTHKM "LENGTHKM" true true false 8 Double 0 0,First,#,Hydrology Travis Co\NHD_MR_Flowlines_AFD,LENGTHKM,-1,-1;REACHCODE "REACHCODE" true true false 14 Text 0 0,First,#,Hydrology Travis Co\NHD_MR_Flowlines_AFD,REACHCODE,0,14;FLOWDIR "FLOWDIR" true true false 15 Text 0 0,First,#,Hydrology Travis Co\NHD_MR_Flowlines_AFD,FLOWDIR,0,15;WBAREACOMI "WBAREACOMI" true true false 4 Long 0 0,First,#,Hydrology Travis Co\NHD_MR_Flowlines_AFD,WBAREACOMI,-1,-1;FTYPE "FTYPE" true true false 24 Text 0 0,First,#,Hydrology Travis Co\NHD_MR_Flowlines_AFD,FTYPE,0,24;FCODE "FCODE" true true false 4 Long 0 0,First,#,Hydrology Travis Co\NHD_MR_Flowlines_AFD,FCODE,-1,-1;StreamLeve "StreamLeve" true true false 4 Long 0 0,First,#,Hydrology Travis Co\NHD_MR_Flowlines_AFD,StreamLeve,-1,-1;StreamOrde "StreamOrde" true true false 4 Long 0 0,First,#,Hydrology Travis Co\NHD_MR_Flowlines_AFD,StreamOrde,-1,-1;StreamCalc "StreamCalc" true true false 4 Long 0 0,First,#,Hydrology Travis Co\NHD_MR_Flowlines_AFD,StreamCalc,-1,-1;FromNode "FromNode" true true false 8 Double 0 0,First,#,Hydrology Travis Co\NHD_MR_Flowlines_AFD,FromNode,-1,-1;ToNode "ToNode" true true false 8 Double 0 0,First,#,Hydrology Travis Co\NHD_MR_Flowlines_AFD,ToNode,-1,-1;Hydroseq "Hydroseq" true true false 8 Double 0 0,First,#,Hydrology Travis Co\NHD_MR_Flowlines_AFD,Hydroseq,-1,-1;LevelPathI "LevelPathI" true true false 8 Double 0 0,First,#,Hydrology Travis Co\NHD_MR_Flowlines_AFD,LevelPathI,-1,-1;Pathlength "Pathlength" true true false 8 Double 0 0,First,#,Hydrology Travis Co\NHD_MR_Flowlines_AFD,Pathlength,-1,-1;TerminalPa "TerminalPa" true true false 8 Double 0 0,First,#,Hydrology Travis Co\NHD_MR_Flowlines_AFD,TerminalPa,-1,-1;ArbolateSu "ArbolateSu" true true false 8 Double 0 0,First,#,Hydrology Travis Co\NHD_MR_Flowlines_AFD,ArbolateSu,-1,-1;Divergence "Divergence" true true false 4 Long 0 0,First,#,Hydrology Travis Co\NHD_MR_Flowlines_AFD,Divergence,-1,-1;StartFlag "StartFlag" true true false 4 Long 0 0,First,#,Hydrology Travis Co\NHD_MR_Flowlines_AFD,StartFlag,-1,-1;TerminalFl "TerminalFl" true true false 4 Long 0 0,First,#,Hydrology Travis Co\NHD_MR_Flowlines_AFD,TerminalFl,-1,-1;DnLevel "DnLevel" true true false 4 Long 0 0,First,#,Hydrology Travis Co\NHD_MR_Flowlines_AFD,DnLevel,-1,-1;UpLevelPat "UpLevelPat" true true false 8 Double 0 0,First,#,Hydrology Travis Co\NHD_MR_Flowlines_AFD,UpLevelPat,-1,-1;UpHydroseq "UpHydroseq" true true false 8 Double 0 0,First,#,Hydrology Travis Co\NHD_MR_Flowlines_AFD,UpHydroseq,-1,-1;DnLevelPat "DnLevelPat" true true false 8 Double 0 0,First,#,Hydrology Travis Co\NHD_MR_Flowlines_AFD,DnLevelPat,-1,-1;DnMinorHyd "DnMinorHyd" true true false 8 Double 0 0,First,#,Hydrology Travis Co\NHD_MR_Flowlines_AFD,DnMinorHyd,-1,-1;DnDrainCou "DnDrainCou" true true false 4 Long 0 0,First,#,Hydrology Travis Co\NHD_MR_Flowlines_AFD,DnDrainCou,-1,-1;DnHydroseq "DnHydroseq" true true false 8 Double 0 0,First,#,Hydrology Travis Co\NHD_MR_Flowlines_AFD,DnHydroseq,-1,-1;FromMeas "FromMeas" true true false 8 Double 0 0,First,#,Hydrology Travis Co\NHD_MR_Flowlines_AFD,FromMeas,-1,-1;ToMeas "ToMeas" true true false 8 Double 0 0,First,#,Hydrology Travis Co\NHD_MR_Flowlines_AFD,ToMeas,-1,-1;RtnDiv "RtnDiv" true true false 4 Long 0 0,First,#,Hydrology Travis Co\NHD_MR_Flowlines_AFD,RtnDiv,-1,-1;VPUIn "VPUIn" true true false 4 Long 0 0,First,#,Hydrology Travis Co\NHD_MR_Flowlines_AFD,VPUIn,-1,-1;VPUOut "VPUOut" true true false 4 Long 0 0,First,#,Hydrology Travis Co\NHD_MR_Flowlines_AFD,VPUOut,-1,-1;AreaSqKM "AreaSqKM" true true false 8 Double 0 0,First,#,Hydrology Travis Co\NHD_MR_Flowlines_AFD,AreaSqKM,-1,-1;TotDASqKM "TotDASqKM" true true false 8 Double 0 0,First,#,Hydrology Travis Co\NHD_MR_Flowlines_AFD,TotDASqKM,-1,-1;DivDASqKM "DivDASqKM" true true false 8 Double 0 0,First,#,Hydrology Travis Co\NHD_MR_Flowlines_AFD,DivDASqKM,-1,-1;HWNodeSqKM "HWNodeSqKM" true true false 8 Double 0 0,First,#,Hydrology Travis Co\NHD_MR_Flowlines_AFD,HWNodeSqKM,-1,-1;MAXELEVRAW "MAXELEVRAW" true true false 8 Double 0 0,First,#,Hydrology Travis Co\NHD_MR_Flowlines_AFD,MAXELEVRAW,-1,-1;MINELEVRAW "MINELEVRAW" true true false 8 Double 0 0,First,#,Hydrology Travis Co\NHD_MR_Flowlines_AFD,MINELEVRAW,-1,-1;MAXELEVSMO "MAXELEVSMO" true true false 8 Double 0 0,First,#,Hydrology Travis Co\NHD_MR_Flowlines_AFD,MAXELEVSMO,-1,-1;MINELEVSMO "MINELEVSMO" true true false 8 Double 0 0,First,#,Hydrology Travis Co\NHD_MR_Flowlines_AFD,MINELEVSMO,-1,-1;SLOPE "SLOPE" true true false 8 Double 0 0,First,#,Hydrology Travis Co\NHD_MR_Flowlines_AFD,SLOPE,-1,-1;ELEVFIXED "ELEVFIXED" true true false 1 Text 0 0,First,#,Hydrology Travis Co\NHD_MR_Flowlines_AFD,ELEVFIXED,0,1;HWTYPE "HWTYPE" true true false 1 Text 0 0,First,#,Hydrology Travis Co\NHD_MR_Flowlines_AFD,HWTYPE,0,1;SLOPELENKM "SLOPELENKM" true true false 4 Float 0 0,First,#,Hydrology Travis Co\NHD_MR_Flowlines_AFD,SLOPELENKM,-1,-1;Q0001A "Q0001A" true true false 8 Double 0 0,First,#,Hydrology Travis Co\NHD_MR_Flowlines_AFD,Q0001A,-1,-1;V0001A "V0001A" true true false 8 Double 0 0,First,#,Hydrology Travis Co\NHD_MR_Flowlines_AFD,V0001A,-1,-1;Qincr0001A "Qincr0001A" true true false 8 Double 0 0,First,#,Hydrology Travis Co\NHD_MR_Flowlines_AFD,Qincr0001A,-1,-1;Q0001B "Q0001B" true true false 8 Double 0 0,First,#,Hydrology Travis Co\NHD_MR_Flowlines_AFD,Q0001B,-1,-1;V0001B "V0001B" true true false 8 Double 0 0,First,#,Hydrology Travis Co\NHD_MR_Flowlines_AFD,V0001B,-1,-1;Qincr0001B "Qincr0001B" true true false 8 Double 0 0,First,#,Hydrology Travis Co\NHD_MR_Flowlines_AFD,Qincr0001B,-1,-1;Q0001C "Q0001C" true true false 8 Double 0 0,First,#,Hydrology Travis Co\NHD_MR_Flowlines_AFD,Q0001C,-1,-1;V0001C "V0001C" true true false 8 Double 0 0,First,#,Hydrology Travis Co\NHD_MR_Flowlines_AFD,V0001C,-1,-1;Qincr0001C "Qincr0001C" true true false 8 Double 0 0,First,#,Hydrology Travis Co\NHD_MR_Flowlines_AFD,Qincr0001C,-1,-1;Q0001D "Q0001D" true true false 8 Double 0 0,First,#,Hydrology Travis Co\NHD_MR_Flowlines_AFD,Q0001D,-1,-1;V0001D "V0001D" true true false 8 Double 0 0,First,#,Hydrology Travis Co\NHD_MR_Flowlines_AFD,V0001D,-1,-1;Qincr0001D "Qincr0001D" true true false 8 Double 0 0,First,#,Hydrology Travis Co\NHD_MR_Flowlines_AFD,Qincr0001D,-1,-1;Q0001E "Q0001E" true true false 8 Double 0 0,First,#,Hydrology Travis Co\NHD_MR_Flowlines_AFD,Q0001E,-1,-1;V0001E "V0001E" true true false 8 Double 0 0,First,#,Hydrology Travis Co\NHD_MR_Flowlines_AFD,V0001E,-1,-1;Qincr0001E "Qincr0001E" true true false 8 Double 0 0,First,#,Hydrology Travis Co\NHD_MR_Flowlines_AFD,Qincr0001E,-1,-1;Q0001F "Q0001F" true true false 8 Double 0 0,First,#,Hydrology Travis Co\NHD_MR_Flowlines_AFD,Q0001F,-1,-1;Qincr0001F "Qincr0001F" true true false 8 Double 0 0,First,#,Hydrology Travis Co\NHD_MR_Flowlines_AFD,Qincr0001F,-1,-1;ARQ0001NAV "ARQ0001NAV" true true false 8 Double 0 0,First,#,Hydrology Travis Co\NHD_MR_Flowlines_AFD,ARQ0001NAV,-1,-1;TEMP0001 "TEMP0001" true true false 8 Double 0 0,First,#,Hydrology Travis Co\NHD_MR_Flowlines_AFD,TEMP0001,-1,-1;PPT0001 "PPT0001" true true false 8 Double 0 0,First,#,Hydrology Travis Co\NHD_MR_Flowlines_AFD,PPT0001,-1,-1;PET0001 "PET0001" true true false 8 Double 0 0,First,#,Hydrology Travis Co\NHD_MR_Flowlines_AFD,PET0001,-1,-1;QLOSS0001 "QLOSS0001" true true false 8 Double 0 0,First,#,Hydrology Travis Co\NHD_MR_Flowlines_AFD,QLOSS0001,-1,-1;QG0001ADJ "QG0001ADJ" true true false 8 Double 0 0,First,#,Hydrology Travis Co\NHD_MR_Flowlines_AFD,QG0001ADJ,-1,-1;QG0001NAV "QG0001NAV" true true false 8 Double 0 0,First,#,Hydrology Travis Co\NHD_MR_Flowlines_AFD,QG0001NAV,-1,-1;LAT "LAT" true true false 8 Double 0 0,First,#,Hydrology Travis Co\NHD_MR_Flowlines_AFD,LAT,-1,-1;Gageadj "Gageadj" true true false 1 Text 0 0,First,#,Hydrology Travis Co\NHD_MR_Flowlines_AFD,Gageadj,0,1;avgqadj "avgqadj" true true false 8 Double 0 0,First,#,Hydrology Travis Co\NHD_MR_Flowlines_AFD,avgqadj,-1,-1;SMGageID "SMGageID" true true false 16 Text 0 0,First,#,Hydrology Travis Co\NHD_MR_Flowlines_AFD,SMGageID,0,16;SMgageq "SMgageq" true true false 8 Double 0 0,First,#,Hydrology Travis Co\NHD_MR_Flowlines_AFD,SMgageq,-1,-1;ETFRACT1 "ETFRACT1" true true false 4 Float 0 0,First,#,Hydrology Travis Co\NHD_MR_Flowlines_AFD,ETFRACT1,-1,-1;ETFRACT2 "ETFRACT2" true true false 4 Float 0 0,First,#,Hydrology Travis Co\NHD_MR_Flowlines_AFD,ETFRACT2,-1,-1;a "a" true true false 8 Double 0 0,First,#,Hydrology Travis Co\NHD_MR_Flowlines_AFD,a,-1,-1;b "b" true true false 8 Double 0 0,First,#,Hydrology Travis Co\NHD_MR_Flowlines_AFD,b,-1,-1;BCF "BCF" true true false 8 Double 0 0,First,#,Hydrology Travis Co\NHD_MR_Flowlines_AFD,BCF,-1,-1;r2 "r2" true true false 8 Double 0 0,First,#,Hydrology Travis Co\NHD_MR_Flowlines_AFD,r2,-1,-1;SER "SER" true true false 8 Double 0 0,First,#,Hydrology Travis Co\NHD_MR_Flowlines_AFD,SER,-1,-1;NRef "NRef" true true false 4 Float 0 0,First,#,Hydrology Travis Co\NHD_MR_Flowlines_AFD,NRef,-1,-1;gageseqp "gageseqp" true true false 4 Float 0 0,First,#,Hydrology Travis Co\NHD_MR_Flowlines_AFD,gageseqp,-1,-1;gageseq "gageseq" true true false 4 Float 0 0,First,#,Hydrology Travis Co\NHD_MR_Flowlines_AFD,gageseq,-1,-1;RPUID "RPUID" true true false 8 Text 0 0,First,#,Hydrology Travis Co\NHD_MR_Flowlines_AFD,RPUID,0,8;Shape_Leng "Shape_Leng" true true false 8 Double 0 0,First,#,Hydrology Travis Co\NHD_MR_Flowlines_AFD,Shape_Leng,-1,-1;Shape_Le_1 "Shape_Length" false true true 8 Double 0 0,First,#,Hydrology Travis Co\NHD_MR_Flowlines_AFD,Shape_Length,-1,-1" #</Process><Process ToolSource="c:\program files\arcgis\pro\Resources\ArcToolbox\toolboxes\Conversion Tools.tbx\FeatureClassToFeatureClass" Date="20191114" Time="141903">FeatureClassToFeatureClass "Travis County 10m\NHD_MR_Flowlines" C:\Users\arcturdk\Documents\ArcGIS\TWM\Pin2Flood\TravisCo_10m NHD_MR_flowlines_huc408x.shp # "COMID "COMID" true true false 10 Long 0 10,First,#,Travis County 10m\NHD_MR_Flowlines,COMID,-1,-1;FDATE "FDATE" true true false 8 Date 0 0,First,#,Travis County 10m\NHD_MR_Flowlines,FDATE,-1,-1;RESOLUTION "RESOLUTION" true true false 7 Text 0 0,First,#,Travis County 10m\NHD_MR_Flowlines,RESOLUTION,0,7;GNIS_ID "GNIS_ID" true true false 10 Text 0 0,First,#,Travis County 10m\NHD_MR_Flowlines,GNIS_ID,0,10;GNIS_NAME "GNIS_NAME" true true false 65 Text 0 0,First,#,Travis County 10m\NHD_MR_Flowlines,GNIS_NAME,0,65;LENGTHKM "LENGTHKM" true true false 19 Double 0 0,First,#,Travis County 10m\NHD_MR_Flowlines,LENGTHKM,-1,-1;REACHCODE "REACHCODE" true true false 14 Text 0 0,First,#,Travis County 10m\NHD_MR_Flowlines,REACHCODE,0,14;FLOWDIR "FLOWDIR" true true false 15 Text 0 0,First,#,Travis County 10m\NHD_MR_Flowlines,FLOWDIR,0,15;WBAREACOMI "WBAREACOMI" true true false 10 Long 0 10,First,#,Travis County 10m\NHD_MR_Flowlines,WBAREACOMI,-1,-1;FTYPE "FTYPE" true true false 24 Text 0 0,First,#,Travis County 10m\NHD_MR_Flowlines,FTYPE,0,24;FCODE "FCODE" true true false 10 Long 0 10,First,#,Travis County 10m\NHD_MR_Flowlines,FCODE,-1,-1;StreamLeve "StreamLeve" true true false 10 Long 0 10,First,#,Travis County 10m\NHD_MR_Flowlines,StreamLeve,-1,-1;StreamOrde "StreamOrde" true true false 10 Long 0 10,First,#,Travis County 10m\NHD_MR_Flowlines,StreamOrde,-1,-1;StreamCalc "StreamCalc" true true false 10 Long 0 10,First,#,Travis County 10m\NHD_MR_Flowlines,StreamCalc,-1,-1;FromNode "FromNode" true true false 19 Double 0 0,First,#,Travis County 10m\NHD_MR_Flowlines,FromNode,-1,-1;ToNode "ToNode" true true false 19 Double 0 0,First,#,Travis County 10m\NHD_MR_Flowlines,ToNode,-1,-1;Hydroseq "Hydroseq" true true false 19 Double 0 0,First,#,Travis County 10m\NHD_MR_Flowlines,Hydroseq,-1,-1;LevelPathI "LevelPathI" true true false 19 Double 0 0,First,#,Travis County 10m\NHD_MR_Flowlines,LevelPathI,-1,-1;Pathlength "Pathlength" true true false 19 Double 0 0,First,#,Travis County 10m\NHD_MR_Flowlines,Pathlength,-1,-1;TerminalPa "TerminalPa" true true false 19 Double 0 0,First,#,Travis County 10m\NHD_MR_Flowlines,TerminalPa,-1,-1;ArbolateSu "ArbolateSu" true true false 19 Double 0 0,First,#,Travis County 10m\NHD_MR_Flowlines,ArbolateSu,-1,-1;Divergence "Divergence" true true false 10 Long 0 10,First,#,Travis County 10m\NHD_MR_Flowlines,Divergence,-1,-1;StartFlag "StartFlag" true true false 10 Long 0 10,First,#,Travis County 10m\NHD_MR_Flowlines,StartFlag,-1,-1;TerminalFl "TerminalFl" true true false 10 Long 0 10,First,#,Travis County 10m\NHD_MR_Flowlines,TerminalFl,-1,-1;DnLevel "DnLevel" true true false 10 Long 0 10,First,#,Travis County 10m\NHD_MR_Flowlines,DnLevel,-1,-1;UpLevelPat "UpLevelPat" true true false 19 Double 0 0,First,#,Travis County 10m\NHD_MR_Flowlines,UpLevelPat,-1,-1;UpHydroseq "UpHydroseq" true true false 19 Double 0 0,First,#,Travis County 10m\NHD_MR_Flowlines,UpHydroseq,-1,-1;DnLevelPat "DnLevelPat" true true false 19 Double 0 0,First,#,Travis County 10m\NHD_MR_Flowlines,DnLevelPat,-1,-1;DnMinorHyd "DnMinorHyd" true true false 19 Double 0 0,First,#,Travis County 10m\NHD_MR_Flowlines,DnMinorHyd,-1,-1;DnDrainCou "DnDrainCou" true true false 10 Long 0 10,First,#,Travis County 10m\NHD_MR_Flowlines,DnDrainCou,-1,-1;DnHydroseq "DnHydroseq" true true false 19 Double 0 0,First,#,Travis County 10m\NHD_MR_Flowlines,DnHydroseq,-1,-1;FromMeas "FromMeas" true true false 19 Double 0 0,First,#,Travis County 10m\NHD_MR_Flowlines,FromMeas,-1,-1;ToMeas "ToMeas" true true false 19 Double 0 0,First,#,Travis County 10m\NHD_MR_Flowlines,ToMeas,-1,-1;RtnDiv "RtnDiv" true true false 10 Long 0 10,First,#,Travis County 10m\NHD_MR_Flowlines,RtnDiv,-1,-1;VPUIn "VPUIn" true true false 10 Long 0 10,First,#,Travis County 10m\NHD_MR_Flowlines,VPUIn,-1,-1;VPUOut "VPUOut" true true false 10 Long 0 10,First,#,Travis County 10m\NHD_MR_Flowlines,VPUOut,-1,-1;AreaSqKM "AreaSqKM" true true false 19 Double 0 0,First,#,Travis County 10m\NHD_MR_Flowlines,AreaSqKM,-1,-1;TotDASqKM "TotDASqKM" true true false 19 Double 0 0,First,#,Travis County 10m\NHD_MR_Flowlines,TotDASqKM,-1,-1;DivDASqKM "DivDASqKM" true true false 19 Double 0 0,First,#,Travis County 10m\NHD_MR_Flowlines,DivDASqKM,-1,-1;HWNodeSqKM "HWNodeSqKM" true true false 19 Double 0 0,First,#,Travis County 10m\NHD_MR_Flowlines,HWNodeSqKM,-1,-1;MAXELEVRAW "MAXELEVRAW" true true false 19 Double 0 0,First,#,Travis County 10m\NHD_MR_Flowlines,MAXELEVRAW,-1,-1;MINELEVRAW "MINELEVRAW" true true false 19 Double 0 0,First,#,Travis County 10m\NHD_MR_Flowlines,MINELEVRAW,-1,-1;MAXELEVSMO "MAXELEVSMO" true true false 19 Double 0 0,First,#,Travis County 10m\NHD_MR_Flowlines,MAXELEVSMO,-1,-1;MINELEVSMO "MINELEVSMO" true true false 19 Double 0 0,First,#,Travis County 10m\NHD_MR_Flowlines,MINELEVSMO,-1,-1;SLOPE "SLOPE" true true false 19 Double 0 0,First,#,Travis County 10m\NHD_MR_Flowlines,SLOPE,-1,-1;ELEVFIXED "ELEVFIXED" true true false 1 Text 0 0,First,#,Travis County 10m\NHD_MR_Flowlines,ELEVFIXED,0,1;HWTYPE "HWTYPE" true true false 1 Text 0 0,First,#,Travis County 10m\NHD_MR_Flowlines,HWTYPE,0,1;SLOPELENKM "SLOPELENKM" true true false 13 Float 0 0,First,#,Travis County 10m\NHD_MR_Flowlines,SLOPELENKM,-1,-1;Q0001A "Q0001A" true true false 19 Double 0 0,First,#,Travis County 10m\NHD_MR_Flowlines,Q0001A,-1,-1;V0001A "V0001A" true true false 19 Double 0 0,First,#,Travis County 10m\NHD_MR_Flowlines,V0001A,-1,-1;Qincr0001A "Qincr0001A" true true false 19 Double 0 0,First,#,Travis County 10m\NHD_MR_Flowlines,Qincr0001A,-1,-1;Q0001B "Q0001B" true true false 19 Double 0 0,First,#,Travis County 10m\NHD_MR_Flowlines,Q0001B,-1,-1;V0001B "V0001B" true true false 19 Double 0 0,First,#,Travis County 10m\NHD_MR_Flowlines,V0001B,-1,-1;Qincr0001B "Qincr0001B" true true false 19 Double 0 0,First,#,Travis County 10m\NHD_MR_Flowlines,Qincr0001B,-1,-1;Q0001C "Q0001C" true true false 19 Double 0 0,First,#,Travis County 10m\NHD_MR_Flowlines,Q0001C,-1,-1;V0001C "V0001C" true true false 19 Double 0 0,First,#,Travis County 10m\NHD_MR_Flowlines,V0001C,-1,-1;Qincr0001C "Qincr0001C" true true false 19 Double 0 0,First,#,Travis County 10m\NHD_MR_Flowlines,Qincr0001C,-1,-1;Q0001D "Q0001D" true true false 19 Double 0 0,First,#,Travis County 10m\NHD_MR_Flowlines,Q0001D,-1,-1;V0001D "V0001D" true true false 19 Double 0 0,First,#,Travis County 10m\NHD_MR_Flowlines,V0001D,-1,-1;Qincr0001D "Qincr0001D" true true false 19 Double 0 0,First,#,Travis County 10m\NHD_MR_Flowlines,Qincr0001D,-1,-1;Q0001E "Q0001E" true true false 19 Double 0 0,First,#,Travis County 10m\NHD_MR_Flowlines,Q0001E,-1,-1;V0001E "V0001E" true true false 19 Double 0 0,First,#,Travis County 10m\NHD_MR_Flowlines,V0001E,-1,-1;Qincr0001E "Qincr0001E" true true false 19 Double 0 0,First,#,Travis County 10m\NHD_MR_Flowlines,Qincr0001E,-1,-1;Q0001F "Q0001F" true true false 19 Double 0 0,First,#,Travis County 10m\NHD_MR_Flowlines,Q0001F,-1,-1;Qincr0001F "Qincr0001F" true true false 19 Double 0 0,First,#,Travis County 10m\NHD_MR_Flowlines,Qincr0001F,-1,-1;ARQ0001NAV "ARQ0001NAV" true true false 19 Double 0 0,First,#,Travis County 10m\NHD_MR_Flowlines,ARQ0001NAV,-1,-1;TEMP0001 "TEMP0001" true true false 19 Double 0 0,First,#,Travis County 10m\NHD_MR_Flowlines,TEMP0001,-1,-1;PPT0001 "PPT0001" true true false 19 Double 0 0,First,#,Travis County 10m\NHD_MR_Flowlines,PPT0001,-1,-1;PET0001 "PET0001" true true false 19 Double 0 0,First,#,Travis County 10m\NHD_MR_Flowlines,PET0001,-1,-1;QLOSS0001 "QLOSS0001" true true false 19 Double 0 0,First,#,Travis County 10m\NHD_MR_Flowlines,QLOSS0001,-1,-1;QG0001ADJ "QG0001ADJ" true true false 19 Double 0 0,First,#,Travis County 10m\NHD_MR_Flowlines,QG0001ADJ,-1,-1;QG0001NAV "QG0001NAV" true true false 19 Double 0 0,First,#,Travis County 10m\NHD_MR_Flowlines,QG0001NAV,-1,-1;LAT "LAT" true true false 19 Double 0 0,First,#,Travis County 10m\NHD_MR_Flowlines,LAT,-1,-1;Gageadj "Gageadj" true true false 1 Text 0 0,First,#,Travis County 10m\NHD_MR_Flowlines,Gageadj,0,1;avgqadj "avgqadj" true true false 19 Double 0 0,First,#,Travis County 10m\NHD_MR_Flowlines,avgqadj,-1,-1;SMGageID "SMGageID" true true false 16 Text 0 0,First,#,Travis County 10m\NHD_MR_Flowlines,SMGageID,0,16;SMgageq "SMgageq" true true false 19 Double 0 0,First,#,Travis County 10m\NHD_MR_Flowlines,SMgageq,-1,-1;ETFRACT1 "ETFRACT1" true true false 13 Float 0 0,First,#,Travis County 10m\NHD_MR_Flowlines,ETFRACT1,-1,-1;ETFRACT2 "ETFRACT2" true true false 13 Float 0 0,First,#,Travis County 10m\NHD_MR_Flowlines,ETFRACT2,-1,-1;a "a" true true false 19 Double 0 0,First,#,Travis County 10m\NHD_MR_Flowlines,a,-1,-1;b "b" true true false 19 Double 0 0,First,#,Travis County 10m\NHD_MR_Flowlines,b,-1,-1;BCF "BCF" true true false 19 Double 0 0,First,#,Travis County 10m\NHD_MR_Flowlines,BCF,-1,-1;r2 "r2" true true false 19 Double 0 0,First,#,Travis County 10m\NHD_MR_Flowlines,r2,-1,-1;SER "SER" true true false 19 Double 0 0,First,#,Travis County 10m\NHD_MR_Flowlines,SER,-1,-1;NRef "NRef" true true false 13 Float 0 0,First,#,Travis County 10m\NHD_MR_Flowlines,NRef,-1,-1;gageseqp "gageseqp" true true false 13 Float 0 0,First,#,Travis County 10m\NHD_MR_Flowlines,gageseqp,-1,-1;gageseq "gageseq" true true false 13 Float 0 0,First,#,Travis County 10m\NHD_MR_Flowlines,gageseq,-1,-1;RPUID "RPUID" true true false 8 Text 0 0,First,#,Travis County 10m\NHD_MR_Flowlines,RPUID,0,8;Shape_Leng "Shape_Leng" true true false 19 Double 0 0,First,#,Travis County 10m\NHD_MR_Flowlines,Shape_Leng,-1,-1;Shape_Le_1 "Shape_Le_1" true true false 19 Double 0 0,First,#,Travis County 10m\NHD_MR_Flowlines,Shape_Le_1,-1,-1" #</Process></lineage><itemProps><itemLocation><linkage Sync="TRUE">file://\\CRWR-D05023\C$\Users\arcturdk\Documents\ArcGIS\TWM\Pin2Flood\TravisCo_10m\NHD_MR_flowlines_huc408x.shp</linkage><protocol Sync="TRUE">Local Area Network</protocol></itemLocation><itemName Sync="TRUE">NHD_MR_flowlines_huc408x</itemName><imsContentType Sync="TRUE">002</imsContentType><itemSize Sync="TRUE">0.000</itemSize></itemProps><coordRef><type Sync="TRUE">Geographic</type><geogcsn Sync="TRUE">GCS_North_American_1983</geogcsn><csUnits Sync="TRUE">Angular Unit: Degree (0.017453)</csUnits><peXml Sync="TRUE">&lt;GeographicCoordinateSystem xsi:type='typens:GeographicCoordinateSystem' xmlns:xsi='http://www.w3.org/2001/XMLSchema-instance' xmlns:xs='http://www.w3.org/2001/XMLSchema' xmlns:typens='http://www.esri.com/schemas/ArcGIS/2.4.0'&gt;&lt;WKT&gt;GEOGCS[&amp;quot;GCS_North_American_1983&amp;quot;,DATUM[&amp;quot;D_North_American_1983&amp;quot;,SPHEROID[&amp;quot;GRS_1980&amp;quot;,6378137.0,298.257222101]],PRIMEM[&amp;quot;Greenwich&amp;quot;,0.0],UNIT[&amp;quot;Degree&amp;quot;,0.0174532925199433],AUTHORITY[&amp;quot;EPSG&amp;quot;,4269]]&lt;/WKT&gt;&lt;XOrigin&gt;-400&lt;/XOrigin&gt;&lt;YOrigin&gt;-400&lt;/YOrigin&gt;&lt;XYScale&gt;11258999068426.238&lt;/XYScale&gt;&lt;ZOrigin&gt;-100000&lt;/ZOrigin&gt;&lt;ZScale&gt;10000&lt;/ZScale&gt;&lt;MOrigin&gt;-100000&lt;/MOrigin&gt;&lt;MScale&gt;10000&lt;/MScale&gt;&lt;XYTolerance&gt;8.9831528411952133e-09&lt;/XYTolerance&gt;&lt;ZTolerance&gt;0.001&lt;/ZTolerance&gt;&lt;MTolerance&gt;0.001&lt;/MTolerance&gt;&lt;HighPrecision&gt;true&lt;/HighPrecision&gt;&lt;LeftLongitude&gt;-180&lt;/LeftLongitude&gt;&lt;WKID&gt;4269&lt;/WKID&gt;&lt;LatestWKID&gt;4269&lt;/LatestWKID&gt;&lt;/GeographicCoordinateSystem&gt;</peXml></coordRef></DataProperties><SyncDate>20191114</SyncDate><SyncTime>14190300</SyncTime><ModDate>20191114</ModDate><ModTime>14190300</ModTime></Esri><dataIdInfo><envirDesc Sync="TRUE">Microsoft Windows 10 Version 10.0 (Build 16299) ; Esri ArcGIS 12.4.0.19948</envirDesc><dataLang><languageCode value="eng" Sync="TRUE"></languageCode><countryCode value="USA" Sync="TRUE"></countryCode></dataLang><idCitation><resTitle Sync="TRUE">NHD_MR_flowlines_huc408x</resTitle><presForm><PresFormCd value="005" Sync="TRUE"></PresFormCd></presForm></idCitation><spatRpType><SpatRepTypCd value="001" Sync="TRUE"></SpatRepTypCd></spatRpType></dataIdInfo><mdLang><languageCode value="eng" Sync="TRUE"></languageCode><countryCode value="USA" Sync="TRUE"></countryCode></mdLang><distInfo><distFormat><formatName Sync="TRUE">Shapefile</formatName></distFormat><distTranOps><transSize Sync="TRUE">0.000</transSize></distTranOps></distInfo><mdHrLv><ScopeCd value="005" Sync="TRUE"></ScopeCd></mdHrLv><mdHrLvName Sync="TRUE">dataset</mdHrLvName><refSysInfo><RefSystem><refSysID><identCode code="4269" Sync="TRUE"></identCode><idCodeSpace Sync="TRUE">EPSG</idCodeSpace><idVersion Sync="TRUE">6.12(3.0.1)</idVersion></refSysID></RefSystem></refSysInfo><spatRepInfo><VectSpatRep><geometObjs Name="NHD_MR_flowlines_huc408x"><geoObjTyp><GeoObjTypCd value="002" Sync="TRUE"></GeoObjTypCd></geoObjTyp><geoObjCnt Sync="TRUE">0</geoObjCnt></geometObjs><topLvl><TopoLevCd value="001" Sync="TRUE"></TopoLevCd></topLvl></VectSpatRep></spatRepInfo><spdoinfo><ptvctinf><esriterm Name="NHD_MR_flowlines_huc408x"><efeatyp Sync="TRUE">Simple</efeatyp><efeageom code="3" Sync="TRUE"></efeageom><esritopo Sync="TRUE">FALSE</esritopo><efeacnt Sync="TRUE">0</efeacnt><spindex Sync="TRUE">FALSE</spindex><linrefer Sync="TRUE">TRUE</linrefer></esriterm></ptvctinf></spdoinfo><eainfo><detailed Name="NHD_MR_flowlines_huc408x"><enttyp><enttypl Sync="TRUE">NHD_MR_flowlines_huc408x</enttypl><enttypt Sync="TRUE">Feature Class</enttypt><enttypc Sync="TRUE">0</enttypc></enttyp><attr><attrlabl Sync="TRUE">FID</attrlabl><attalias Sync="TRUE">FID</attalias><attrtype Sync="TRUE">OID</attrtype><attwidth Sync="TRUE">4</attwidth><atprecis Sync="TRUE">0</atprecis><attscale Sync="TRUE">0</attscale><attrdef Sync="TRUE">Internal feature number.</attrdef><attrdefs Sync="TRUE">Esri</attrdefs><attrdomv><udom Sync="TRUE">Sequential unique whole numbers that are automatically generated.</udom></attrdomv></attr><attr><attrlabl Sync="TRUE">Shape</attrlabl><attalias Sync="TRUE">Shape</attalias><attrtype Sync="TRUE">Geometry</attrtype><attwidth Sync="TRUE">0</attwidth><atprecis Sync="TRUE">0</atprecis><attscale Sync="TRUE">0</attscale><attrdef Sync="TRUE">Feature geometry.</attrdef><attrdefs Sync="TRUE">Esri</attrdefs><attrdomv><udom Sync="TRUE">Coordinates defining the features.</udom></attrdomv></attr><attr><attrlabl Sync="TRUE">COMID</attrlabl><attalias Sync="TRUE">COMID</attalias><attrtype Sync="TRUE">Integer</attrtype><attwidth Sync="TRUE">10</attwidth><atprecis Sync="TRUE">10</atprecis><attscale Sync="TRUE">0</attscale></attr><attr><attrlabl Sync="TRUE">FDATE</attrlabl><attalias Sync="TRUE">FDATE</attalias><attrtype Sync="TRUE">Date</attrtype><attwidth Sync="TRUE">8</attwidth><atprecis Sync="TRUE">0</atprecis><attscale Sync="TRUE">0</attscale></attr><attr><attrlabl Sync="TRUE">RESOLUTION</attrlabl><attalias Sync="TRUE">RESOLUTION</attalias><attrtype Sync="TRUE">String</attrtype><attwidth Sync="TRUE">7</attwidth><atprecis Sync="TRUE">0</atprecis><attscale Sync="TRUE">0</attscale></attr><attr><attrlabl Sync="TRUE">GNIS_ID</attrlabl><attalias Sync="TRUE">GNIS_ID</attalias><attrtype Sync="TRUE">String</attrtype><attwidth Sync="TRUE">10</attwidth><atprecis Sync="TRUE">0</atprecis><attscale Sync="TRUE">0</attscale></attr><attr><attrlabl Sync="TRUE">GNIS_NAME</attrlabl><attalias Sync="TRUE">GNIS_NAME</attalias><attrtype Sync="TRUE">String</attrtype><attwidth Sync="TRUE">65</attwidth><atprecis Sync="TRUE">0</atprecis><attscale Sync="TRUE">0</attscale></attr><attr><attrlabl Sync="TRUE">LENGTHKM</attrlabl><attalias Sync="TRUE">LENGTHKM</attalias><attrtype Sync="TRUE">Double</attrtype><attwidth Sync="TRUE">19</attwidth><atprecis Sync="TRUE">0</atprecis><attscale Sync="TRUE">0</attscale></attr><attr><attrlabl Sync="TRUE">REACHCODE</attrlabl><attalias Sync="TRUE">REACHCODE</attalias><attrtype Sync="TRUE">String</attrtype><attwidth Sync="TRUE">14</attwidth><atprecis Sync="TRUE">0</atprecis><attscale Sync="TRUE">0</attscale></attr><attr><attrlabl Sync="TRUE">FLOWDIR</attrlabl><attalias Sync="TRUE">FLOWDIR</attalias><attrtype Sync="TRUE">String</attrtype><attwidth Sync="TRUE">15</attwidth><atprecis Sync="TRUE">0</atprecis><attscale Sync="TRUE">0</attscale></attr><attr><attrlabl Sync="TRUE">WBAREACOMI</attrlabl><attalias Sync="TRUE">WBAREACOMI</attalias><attrtype Sync="TRUE">Integer</attrtype><attwidth Sync="TRUE">10</attwidth><atprecis Sync="TRUE">10</atprecis><attscale Sync="TRUE">0</attscale></attr><attr><attrlabl Sync="TRUE">FTYPE</attrlabl><attalias Sync="TRUE">FTYPE</attalias><attrtype Sync="TRUE">String</attrtype><attwidth Sync="TRUE">24</attwidth><atprecis Sync="TRUE">0</atprecis><attscale Sync="TRUE">0</attscale></attr><attr><attrlabl Sync="TRUE">FCODE</attrlabl><attalias Sync="TRUE">FCODE</attalias><attrtype Sync="TRUE">Integer</attrtype><attwidth Sync="TRUE">10</attwidth><atprecis Sync="TRUE">10</atprecis><attscale Sync="TRUE">0</attscale></attr><attr><attrlabl Sync="TRUE">StreamLeve</attrlabl><attalias Sync="TRUE">StreamLeve</attalias><attrtype Sync="TRUE">Integer</attrtype><attwidth Sync="TRUE">10</attwidth><atprecis Sync="TRUE">10</atprecis><attscale Sync="TRUE">0</attscale></attr><attr><attrlabl Sync="TRUE">StreamOrde</attrlabl><attalias Sync="TRUE">StreamOrde</attalias><attrtype Sync="TRUE">Integer</attrtype><attwidth Sync="TRUE">10</attwidth><atprecis Sync="TRUE">10</atprecis><attscale Sync="TRUE">0</attscale></attr><attr><attrlabl Sync="TRUE">StreamCalc</attrlabl><attalias Sync="TRUE">StreamCalc</attalias><attrtype Sync="TRUE">Integer</attrtype><attwidth Sync="TRUE">10</attwidth><atprecis Sync="TRUE">10</atprecis><attscale Sync="TRUE">0</attscale></attr><attr><attrlabl Sync="TRUE">FromNode</attrlabl><attalias Sync="TRUE">FromNode</attalias><attrtype Sync="TRUE">Double</attrtype><attwidth Sync="TRUE">19</attwidth><atprecis Sync="TRUE">0</atprecis><attscale Sync="TRUE">0</attscale></attr><attr><attrlabl Sync="TRUE">ToNode</attrlabl><attalias Sync="TRUE">ToNode</attalias><attrtype Sync="TRUE">Double</attrtype><attwidth Sync="TRUE">19</attwidth><atprecis Sync="TRUE">0</atprecis><attscale Sync="TRUE">0</attscale></attr><attr><attrlabl Sync="TRUE">Hydroseq</attrlabl><attalias Sync="TRUE">Hydroseq</attalias><attrtype Sync="TRUE">Double</attrtype><attwidth Sync="TRUE">19</attwidth><atprecis Sync="TRUE">0</atprecis><attscale Sync="TRUE">0</attscale></attr><attr><attrlabl Sync="TRUE">LevelPathI</attrlabl><attalias Sync="TRUE">LevelPathI</attalias><attrtype Sync="TRUE">Double</attrtype><attwidth Sync="TRUE">19</attwidth><atprecis Sync="TRUE">0</atprecis><attscale Sync="TRUE">0</attscale></attr><attr><attrlabl Sync="TRUE">Pathlength</attrlabl><attalias Sync="TRUE">Pathlength</attalias><attrtype Sync="TRUE">Double</attrtype><attwidth Sync="TRUE">19</attwidth><atprecis Sync="TRUE">0</atprecis><attscale Sync="TRUE">0</attscale></attr><attr><attrlabl Sync="TRUE">TerminalPa</attrlabl><attalias Sync="TRUE">TerminalPa</attalias><attrtype Sync="TRUE">Double</attrtype><attwidth Sync="TRUE">19</attwidth><atprecis Sync="TRUE">0</atprecis><attscale Sync="TRUE">0</attscale></attr><attr><attrlabl Sync="TRUE">ArbolateSu</attrlabl><attalias Sync="TRUE">ArbolateSu</attalias><attrtype Sync="TRUE">Double</attrtype><attwidth Sync="TRUE">19</attwidth><atprecis Sync="TRUE">0</atprecis><attscale Sync="TRUE">0</attscale></attr><attr><attrlabl Sync="TRUE">Divergence</attrlabl><attalias Sync="TRUE">Divergence</attalias><attrtype Sync="TRUE">Integer</attrtype><attwidth Sync="TRUE">10</attwidth><atprecis Sync="TRUE">10</atprecis><attscale Sync="TRUE">0</attscale></attr><attr><attrlabl Sync="TRUE">StartFlag</attrlabl><attalias Sync="TRUE">StartFlag</attalias><attrtype Sync="TRUE">Integer</attrtype><attwidth Sync="TRUE">10</attwidth><atprecis Sync="TRUE">10</atprecis><attscale Sync="TRUE">0</attscale></attr><attr><attrlabl Sync="TRUE">TerminalFl</attrlabl><attalias Sync="TRUE">TerminalFl</attalias><attrtype Sync="TRUE">Integer</attrtype><attwidth Sync="TRUE">10</attwidth><atprecis Sync="TRUE">10</atprecis><attscale Sync="TRUE">0</attscale></attr><attr><attrlabl Sync="TRUE">DnLevel</attrlabl><attalias Sync="TRUE">DnLevel</attalias><attrtype Sync="TRUE">Integer</attrtype><attwidth Sync="TRUE">10</attwidth><atprecis Sync="TRUE">10</atprecis><attscale Sync="TRUE">0</attscale></attr><attr><attrlabl Sync="TRUE">UpLevelPat</attrlabl><attalias Sync="TRUE">UpLevelPat</attalias><attrtype Sync="TRUE">Double</attrtype><attwidth Sync="TRUE">19</attwidth><atprecis Sync="TRUE">0</atprecis><attscale Sync="TRUE">0</attscale></attr><attr><attrlabl Sync="TRUE">UpHydroseq</attrlabl><attalias Sync="TRUE">UpHydroseq</attalias><attrtype Sync="TRUE">Double</attrtype><attwidth Sync="TRUE">19</attwidth><atprecis Sync="TRUE">0</atprecis><attscale Sync="TRUE">0</attscale></attr><attr><attrlabl Sync="TRUE">DnLevelPat</attrlabl><attalias Sync="TRUE">DnLevelPat</attalias><attrtype Sync="TRUE">Double</attrtype><attwidth Sync="TRUE">19</attwidth><atprecis Sync="TRUE">0</atprecis><attscale Sync="TRUE">0</attscale></attr><attr><attrlabl Sync="TRUE">DnMinorHyd</attrlabl><attalias Sync="TRUE">DnMinorHyd</attalias><attrtype Sync="TRUE">Double</attrtype><attwidth Sync="TRUE">19</attwidth><atprecis Sync="TRUE">0</atprecis><attscale Sync="TRUE">0</attscale></attr><attr><attrlabl Sync="TRUE">DnDrainCou</attrlabl><attalias Sync="TRUE">DnDrainCou</attalias><attrtype Sync="TRUE">Integer</attrtype><attwidth Sync="TRUE">10</attwidth><atprecis Sync="TRUE">10</atprecis><attscale Sync="TRUE">0</attscale></attr><attr><attrlabl Sync="TRUE">DnHydroseq</attrlabl><attalias Sync="TRUE">DnHydroseq</attalias><attrtype Sync="TRUE">Double</attrtype><attwidth Sync="TRUE">19</attwidth><atprecis Sync="TRUE">0</atprecis><attscale Sync="TRUE">0</attscale></attr><attr><attrlabl Sync="TRUE">FromMeas</attrlabl><attalias Sync="TRUE">FromMeas</attalias><attrtype Sync="TRUE">Double</attrtype><attwidth Sync="TRUE">19</attwidth><atprecis Sync="TRUE">0</atprecis><attscale Sync="TRUE">0</attscale></attr><attr><attrlabl Sync="TRUE">ToMeas</attrlabl><attalias Sync="TRUE">ToMeas</attalias><attrtype Sync="TRUE">Double</attrtype><attwidth Sync="TRUE">19</attwidth><atprecis Sync="TRUE">0</atprecis><attscale Sync="TRUE">0</attscale></attr><attr><attrlabl Sync="TRUE">RtnDiv</attrlabl><attalias Sync="TRUE">RtnDiv</attalias><attrtype Sync="TRUE">Integer</attrtype><attwidth Sync="TRUE">10</attwidth><atprecis Sync="TRUE">10</atprecis><attscale Sync="TRUE">0</attscale></attr><attr><attrlabl Sync="TRUE">VPUIn</attrlabl><attalias Sync="TRUE">VPUIn</attalias><attrtype Sync="TRUE">Integer</attrtype><attwidth Sync="TRUE">10</attwidth><atprecis Sync="TRUE">10</atprecis><attscale Sync="TRUE">0</attscale></attr><attr><attrlabl Sync="TRUE">VPUOut</attrlabl><attalias Sync="TRUE">VPUOut</attalias><attrtype Sync="TRUE">Integer</attrtype><attwidth Sync="TRUE">10</attwidth><atprecis Sync="TRUE">10</atprecis><attscale Sync="TRUE">0</attscale></attr><attr><attrlabl Sync="TRUE">AreaSqKM</attrlabl><attalias Sync="TRUE">AreaSqKM</attalias><attrtype Sync="TRUE">Double</attrtype><attwidth Sync="TRUE">19</attwidth><atprecis Sync="TRUE">0</atprecis><attscale Sync="TRUE">0</attscale></attr><attr><attrlabl Sync="TRUE">TotDASqKM</attrlabl><attalias Sync="TRUE">TotDASqKM</attalias><attrtype Sync="TRUE">Double</attrtype><attwidth Sync="TRUE">19</attwidth><atprecis Sync="TRUE">0</atprecis><attscale Sync="TRUE">0</attscale></attr><attr><attrlabl Sync="TRUE">DivDASqKM</attrlabl><attalias Sync="TRUE">DivDASqKM</attalias><attrtype Sync="TRUE">Double</attrtype><attwidth Sync="TRUE">19</attwidth><atprecis Sync="TRUE">0</atprecis><attscale Sync="TRUE">0</attscale></attr><attr><attrlabl Sync="TRUE">HWNodeSqKM</attrlabl><attalias Sync="TRUE">HWNodeSqKM</attalias><attrtype Sync="TRUE">Double</attrtype><attwidth Sync="TRUE">19</attwidth><atprecis Sync="TRUE">0</atprecis><attscale Sync="TRUE">0</attscale></attr><attr><attrlabl Sync="TRUE">MAXELEVRAW</attrlabl><attalias Sync="TRUE">MAXELEVRAW</attalias><attrtype Sync="TRUE">Double</attrtype><attwidth Sync="TRUE">19</attwidth><atprecis Sync="TRUE">0</atprecis><attscale Sync="TRUE">0</attscale></attr><attr><attrlabl Sync="TRUE">MINELEVRAW</attrlabl><attalias Sync="TRUE">MINELEVRAW</attalias><attrtype Sync="TRUE">Double</attrtype><attwidth Sync="TRUE">19</attwidth><atprecis Sync="TRUE">0</atprecis><attscale Sync="TRUE">0</attscale></attr><attr><attrlabl Sync="TRUE">MAXELEVSMO</attrlabl><attalias Sync="TRUE">MAXELEVSMO</attalias><attrtype Sync="TRUE">Double</attrtype><attwidth Sync="TRUE">19</attwidth><atprecis Sync="TRUE">0</atprecis><attscale Sync="TRUE">0</attscale></attr><attr><attrlabl Sync="TRUE">MINELEVSMO</attrlabl><attalias Sync="TRUE">MINELEVSMO</attalias><attrtype Sync="TRUE">Double</attrtype><attwidth Sync="TRUE">19</attwidth><atprecis Sync="TRUE">0</atprecis><attscale Sync="TRUE">0</attscale></attr><attr><attrlabl Sync="TRUE">SLOPE</attrlabl><attalias Sync="TRUE">SLOPE</attalias><attrtype Sync="TRUE">Double</attrtype><attwidth Sync="TRUE">19</attwidth><atprecis Sync="TRUE">0</atprecis><attscale Sync="TRUE">0</attscale></attr><attr><attrlabl Sync="TRUE">ELEVFIXED</attrlabl><attalias Sync="TRUE">ELEVFIXED</attalias><attrtype Sync="TRUE">String</attrtype><attwidth Sync="TRUE">1</attwidth><atprecis Sync="TRUE">0</atprecis><attscale Sync="TRUE">0</attscale></attr><attr><attrlabl Sync="TRUE">HWTYPE</attrlabl><attalias Sync="TRUE">HWTYPE</attalias><attrtype Sync="TRUE">String</attrtype><attwidth Sync="TRUE">1</attwidth><atprecis Sync="TRUE">0</atprecis><attscale Sync="TRUE">0</attscale></attr><attr><attrlabl Sync="TRUE">SLOPELENKM</attrlabl><attalias Sync="TRUE">SLOPELENKM</attalias><attrtype Sync="TRUE">Single</attrtype><attwidth Sync="TRUE">13</attwidth><atprecis Sync="TRUE">0</atprecis><attscale Sync="TRUE">0</attscale></attr><attr><attrlabl Sync="TRUE">Q0001A</attrlabl><attalias Sync="TRUE">Q0001A</attalias><attrtype Sync="TRUE">Double</attrtype><attwidth Sync="TRUE">19</attwidth><atprecis Sync="TRUE">0</atprecis><attscale Sync="TRUE">0</attscale></attr><attr><attrlabl Sync="TRUE">V0001A</attrlabl><attalias Sync="TRUE">V0001A</attalias><attrtype Sync="TRUE">Double</attrtype><attwidth Sync="TRUE">19</attwidth><atprecis Sync="TRUE">0</atprecis><attscale Sync="TRUE">0</attscale></attr><attr><attrlabl Sync="TRUE">Qincr0001A</attrlabl><attalias Sync="TRUE">Qincr0001A</attalias><attrtype Sync="TRUE">Double</attrtype><attwidth Sync="TRUE">19</attwidth><atprecis Sync="TRUE">0</atprecis><attscale Sync="TRUE">0</attscale></attr><attr><attrlabl Sync="TRUE">Q0001B</attrlabl><attalias Sync="TRUE">Q0001B</attalias><attrtype Sync="TRUE">Double</attrtype><attwidth Sync="TRUE">19</attwidth><atprecis Sync="TRUE">0</atprecis><attscale Sync="TRUE">0</attscale></attr><attr><attrlabl Sync="TRUE">V0001B</attrlabl><attalias Sync="TRUE">V0001B</attalias><attrtype Sync="TRUE">Double</attrtype><attwidth Sync="TRUE">19</attwidth><atprecis Sync="TRUE">0</atprecis><attscale Sync="TRUE">0</attscale></attr><attr><attrlabl Sync="TRUE">Qincr0001B</attrlabl><attalias Sync="TRUE">Qincr0001B</attalias><attrtype Sync="TRUE">Double</attrtype><attwidth Sync="TRUE">19</attwidth><atprecis Sync="TRUE">0</atprecis><attscale Sync="TRUE">0</attscale></attr><attr><attrlabl Sync="TRUE">Q0001C</attrlabl><attalias Sync="TRUE">Q0001C</attalias><attrtype Sync="TRUE">Double</attrtype><attwidth Sync="TRUE">19</attwidth><atprecis Sync="TRUE">0</atprecis><attscale Sync="TRUE">0</attscale></attr><attr><attrlabl Sync="TRUE">V0001C</attrlabl><attalias Sync="TRUE">V0001C</attalias><attrtype Sync="TRUE">Double</attrtype><attwidth Sync="TRUE">19</attwidth><atprecis Sync="TRUE">0</atprecis><attscale Sync="TRUE">0</attscale></attr><attr><attrlabl Sync="TRUE">Qincr0001C</attrlabl><attalias Sync="TRUE">Qincr0001C</attalias><attrtype Sync="TRUE">Double</attrtype><attwidth Sync="TRUE">19</attwidth><atprecis Sync="TRUE">0</atprecis><attscale Sync="TRUE">0</attscale></attr><attr><attrlabl Sync="TRUE">Q0001D</attrlabl><attalias Sync="TRUE">Q0001D</attalias><attrtype Sync="TRUE">Double</attrtype><attwidth Sync="TRUE">19</attwidth><atprecis Sync="TRUE">0</atprecis><attscale Sync="TRUE">0</attscale></attr><attr><attrlabl Sync="TRUE">V0001D</attrlabl><attalias Sync="TRUE">V0001D</attalias><attrtype Sync="TRUE">Double</attrtype><attwidth Sync="TRUE">19</attwidth><atprecis Sync="TRUE">0</atprecis><attscale Sync="TRUE">0</attscale></attr><attr><attrlabl Sync="TRUE">Qincr0001D</attrlabl><attalias Sync="TRUE">Qincr0001D</attalias><attrtype Sync="TRUE">Double</attrtype><attwidth Sync="TRUE">19</attwidth><atprecis Sync="TRUE">0</atprecis><attscale Sync="TRUE">0</attscale></attr><attr><attrlabl Sync="TRUE">Q0001E</attrlabl><attalias Sync="TRUE">Q0001E</attalias><attrtype Sync="TRUE">Double</attrtype><attwidth Sync="TRUE">19</attwidth><atprecis Sync="TRUE">0</atprecis><attscale Sync="TRUE">0</attscale></attr><attr><attrlabl Sync="TRUE">V0001E</attrlabl><attalias Sync="TRUE">V0001E</attalias><attrtype Sync="TRUE">Double</attrtype><attwidth Sync="TRUE">19</attwidth><atprecis Sync="TRUE">0</atprecis><attscale Sync="TRUE">0</attscale></attr><attr><attrlabl Sync="TRUE">Qincr0001E</attrlabl><attalias Sync="TRUE">Qincr0001E</attalias><attrtype Sync="TRUE">Double</attrtype><attwidth Sync="TRUE">19</attwidth><atprecis Sync="TRUE">0</atprecis><attscale Sync="TRUE">0</attscale></attr><attr><attrlabl Sync="TRUE">Q0001F</attrlabl><attalias Sync="TRUE">Q0001F</attalias><attrtype Sync="TRUE">Double</attrtype><attwidth Sync="TRUE">19</attwidth><atprecis Sync="TRUE">0</atprecis><attscale Sync="TRUE">0</attscale></attr><attr><attrlabl Sync="TRUE">Qincr0001F</attrlabl><attalias Sync="TRUE">Qincr0001F</attalias><attrtype Sync="TRUE">Double</attrtype><attwidth Sync="TRUE">19</attwidth><atprecis Sync="TRUE">0</atprecis><attscale Sync="TRUE">0</attscale></attr><attr><attrlabl Sync="TRUE">ARQ0001NAV</attrlabl><attalias Sync="TRUE">ARQ0001NAV</attalias><attrtype Sync="TRUE">Double</attrtype><attwidth Sync="TRUE">19</attwidth><atprecis Sync="TRUE">0</atprecis><attscale Sync="TRUE">0</attscale></attr><attr><attrlabl Sync="TRUE">TEMP0001</attrlabl><attalias Sync="TRUE">TEMP0001</attalias><attrtype Sync="TRUE">Double</attrtype><attwidth Sync="TRUE">19</attwidth><atprecis Sync="TRUE">0</atprecis><attscale Sync="TRUE">0</attscale></attr><attr><attrlabl Sync="TRUE">PPT0001</attrlabl><attalias Sync="TRUE">PPT0001</attalias><attrtype Sync="TRUE">Double</attrtype><attwidth Sync="TRUE">19</attwidth><atprecis Sync="TRUE">0</atprecis><attscale Sync="TRUE">0</attscale></attr><attr><attrlabl Sync="TRUE">PET0001</attrlabl><attalias Sync="TRUE">PET0001</attalias><attrtype Sync="TRUE">Double</attrtype><attwidth Sync="TRUE">19</attwidth><atprecis Sync="TRUE">0</atprecis><attscale Sync="TRUE">0</attscale></attr><attr><attrlabl Sync="TRUE">QLOSS0001</attrlabl><attalias Sync="TRUE">QLOSS0001</attalias><attrtype Sync="TRUE">Double</attrtype><attwidth Sync="TRUE">19</attwidth><atprecis Sync="TRUE">0</atprecis><attscale Sync="TRUE">0</attscale></attr><attr><attrlabl Sync="TRUE">QG0001ADJ</attrlabl><attalias Sync="TRUE">QG0001ADJ</attalias><attrtype Sync="TRUE">Double</attrtype><attwidth Sync="TRUE">19</attwidth><atprecis Sync="TRUE">0</atprecis><attscale Sync="TRUE">0</attscale></attr><attr><attrlabl Sync="TRUE">QG0001NAV</attrlabl><attalias Sync="TRUE">QG0001NAV</attalias><attrtype Sync="TRUE">Double</attrtype><attwidth Sync="TRUE">19</attwidth><atprecis Sync="TRUE">0</atprecis><attscale Sync="TRUE">0</attscale></attr><attr><attrlabl Sync="TRUE">LAT</attrlabl><attalias Sync="TRUE">LAT</attalias><attrtype Sync="TRUE">Double</attrtype><attwidth Sync="TRUE">19</attwidth><atprecis Sync="TRUE">0</atprecis><attscale Sync="TRUE">0</attscale></attr><attr><attrlabl Sync="TRUE">Gageadj</attrlabl><attalias Sync="TRUE">Gageadj</attalias><attrtype Sync="TRUE">String</attrtype><attwidth Sync="TRUE">1</attwidth><atprecis Sync="TRUE">0</atprecis><attscale Sync="TRUE">0</attscale></attr><attr><attrlabl Sync="TRUE">avgqadj</attrlabl><attalias Sync="TRUE">avgqadj</attalias><attrtype Sync="TRUE">Double</attrtype><attwidth Sync="TRUE">19</attwidth><atprecis Sync="TRUE">0</atprecis><attscale Sync="TRUE">0</attscale></attr><attr><attrlabl Sync="TRUE">SMGageID</attrlabl><attalias Sync="TRUE">SMGageID</attalias><attrtype Sync="TRUE">String</attrtype><attwidth Sync="TRUE">16</attwidth><atprecis Sync="TRUE">0</atprecis><attscale Sync="TRUE">0</attscale></attr><attr><attrlabl Sync="TRUE">SMgageq</attrlabl><attalias Sync="TRUE">SMgageq</attalias><attrtype Sync="TRUE">Double</attrtype><attwidth Sync="TRUE">19</attwidth><atprecis Sync="TRUE">0</atprecis><attscale Sync="TRUE">0</attscale></attr><attr><attrlabl Sync="TRUE">ETFRACT1</attrlabl><attalias Sync="TRUE">ETFRACT1</attalias><attrtype Sync="TRUE">Single</attrtype><attwidth Sync="TRUE">13</attwidth><atprecis Sync="TRUE">0</atprecis><attscale Sync="TRUE">0</attscale></attr><attr><attrlabl Sync="TRUE">ETFRACT2</attrlabl><attalias Sync="TRUE">ETFRACT2</attalias><attrtype Sync="TRUE">Single</attrtype><attwidth Sync="TRUE">13</attwidth><atprecis Sync="TRUE">0</atprecis><attscale Sync="TRUE">0</attscale></attr><attr><attrlabl Sync="TRUE">a</attrlabl><attalias Sync="TRUE">a</attalias><attrtype Sync="TRUE">Double</attrtype><attwidth Sync="TRUE">19</attwidth><atprecis Sync="TRUE">0</atprecis><attscale Sync="TRUE">0</attscale></attr><attr><attrlabl Sync="TRUE">b</attrlabl><attalias Sync="TRUE">b</attalias><attrtype Sync="TRUE">Double</attrtype><attwidth Sync="TRUE">19</attwidth><atprecis Sync="TRUE">0</atprecis><attscale Sync="TRUE">0</attscale></attr><attr><attrlabl Sync="TRUE">BCF</attrlabl><attalias Sync="TRUE">BCF</attalias><attrtype Sync="TRUE">Double</attrtype><attwidth Sync="TRUE">19</attwidth><atprecis Sync="TRUE">0</atprecis><attscale Sync="TRUE">0</attscale></attr><attr><attrlabl Sync="TRUE">r2</attrlabl><attalias Sync="TRUE">r2</attalias><attrtype Sync="TRUE">Double</attrtype><attwidth Sync="TRUE">19</attwidth><atprecis Sync="TRUE">0</atprecis><attscale Sync="TRUE">0</attscale></attr><attr><attrlabl Sync="TRUE">SER</attrlabl><attalias Sync="TRUE">SER</attalias><attrtype Sync="TRUE">Double</attrtype><attwidth Sync="TRUE">19</attwidth><atprecis Sync="TRUE">0</atprecis><attscale Sync="TRUE">0</attscale></attr><attr><attrlabl Sync="TRUE">NRef</attrlabl><attalias Sync="TRUE">NRef</attalias><attrtype Sync="TRUE">Single</attrtype><attwidth Sync="TRUE">13</attwidth><atprecis Sync="TRUE">0</atprecis><attscale Sync="TRUE">0</attscale></attr><attr><attrlabl Sync="TRUE">gageseqp</attrlabl><attalias Sync="TRUE">gageseqp</attalias><attrtype Sync="TRUE">Single</attrtype><attwidth Sync="TRUE">13</attwidth><atprecis Sync="TRUE">0</atprecis><attscale Sync="TRUE">0</attscale></attr><attr><attrlabl Sync="TRUE">gageseq</attrlabl><attalias Sync="TRUE">gageseq</attalias><attrtype Sync="TRUE">Single</attrtype><attwidth Sync="TRUE">13</attwidth><atprecis Sync="TRUE">0</atprecis><attscale Sync="TRUE">0</attscale></attr><attr><attrlabl Sync="TRUE">RPUID</attrlabl><attalias Sync="TRUE">RPUID</attalias><attrtype Sync="TRUE">String</attrtype><attwidth Sync="TRUE">8</attwidth><atprecis Sync="TRUE">0</atprecis><attscale Sync="TRUE">0</attscale></attr><attr><attrlabl Sync="TRUE">Shape_Leng</attrlabl><attalias Sync="TRUE">Shape_Leng</attalias><attrtype Sync="TRUE">Double</attrtype><attwidth Sync="TRUE">19</attwidth><atprecis Sync="TRUE">0</atprecis><attscale Sync="TRUE">0</attscale></attr><attr><attrlabl Sync="TRUE">Shape_Le_1</attrlabl><attalias Sync="TRUE">Shape_Le_1</attalias><attrtype Sync="TRUE">Double</attrtype><attwidth Sync="TRUE">19</attwidth><atprecis Sync="TRUE">0</atprecis><attscale Sync="TRUE">0</attscale></attr></detailed></eainfo><mdDateSt Sync="TRUE">20191114</mdDateSt></metadata>
